freq,n_patients,cov_h_mean,cov_p_mean,delta_mean_avg,delta_mean_std,delta_abs_mean,r_score_delta
F3_1000Hz,20,1.0,1.0,-0.016668419538822483,0.09006818576430071,0.02923529799899552,0.007765668799680268
F4_900Hz,20,1.0,1.0,-0.015453444466838853,0.08887896700244485,0.030183281855473365,0.020443003358092838
F5_800Hz,20,1.0,1.0,-0.01640528931682153,0.08745487031392472,0.029157140016419968,-0.0038287694589644577
F6_700Hz,20,1.0,1.0,-0.019977309644222244,0.08968805981863964,0.02791118068942646,-0.059562861615113774
F7_600Hz,20,1.0,1.0,-0.013741388425017551,0.08991322327277472,0.032194563084631214,0.06705922462104533
F8_500Hz,20,1.0,1.0,-0.01555375947715946,0.08889771046220724,0.03225899629541283,0.060586968034173114
F9_400Hz,20,1.0,1.0,-0.017763034132968945,0.07758832159887649,0.034403196116191484,0.090963547977702
